<?xml version='1.0' encoding='utf-8'?>
<!DOCTYPE hibernate-configuration PUBLIC
        "-//Hibernate/Hibernate Configuration DTD 3.0//EN"
        "http://www.hibernate.org/dtd/hibernate-configuration-3.0.dtd">

<hibernate-configuration>

    <session-factory>

        <!-- Database connection settings -->
        <property name="hibernate.connection.driver_class">org.postgresql.Driver</property>
        <property name="hibernate.connection.url">jdbc:postgresql://localhost:5432/postgres</property>
        <property name="hibernate.connection.username">postgres</property>
        <property name="hibernate.connection.password">123Welcome</property>


        <!-- SQL dialect -->
        <property name="hibernate.dialect">org.hibernate.dialect.PostgreSQL9Dialect</property>

        <!-- JDBC connection pool (use the built-in) -->
        <!-- property name="connection.pool_size">1</property -->
        
        <property name = "hibernate.c3p0.min_size">5</property>
		<property name = "hibernate.c3p0.max_size">20</property>
		<property name = "hibernate.c3p0.timeout">300</property>
		<property name = "hibernate.c3p0.max_statements">50</property>
		<property name = "hibernate.c3p0.idle_test_period">3000</property>
        

		
        <!-- Enable Hibernate's automatic session context management -->
        <property name="current_session_context_class">thread</property>

        <!-- Disable the second-level cache  -->
        <property name="cache.provider_class">org.hibernate.cache.internal.NoCacheProvider</property>

        <!-- Echo all executed SQL to stdout -->
        <property name="show_sql">true</property>
        <property name="format_sql">true</property>
		
        <!-- Drop and re-create the database schema on startup -->
        <property name="hibernate.hbm2ddl.auto">update</property>
         
         <!-- <mapping resource="com/htc/hibernate/simple/Cyclone.hbm.xml"/> -->
  
    </session-factory>

</hibernate-configuration>