<?xml version="1.0" encoding="UTF-8"?>
<beans xmlns="http://www.springframework.org/schema/beans"
    xmlns:xsi="http://www.w3.org/2001/XMLSchema-instance"
    xsi:schemaLocation="http://www.springframework.org/schema/beans
        http://www.springframework.org/schema/beans/spring-beans.xsd">

	<bean id="address" class="com.htc.spring4.beans.Address">
		<property name="doorno" value="D34/23/55"/>
		<property name="street" value="Raja Street"/>
		<property name="city" value="Chennai"/>
		<property name="pincode" value="600055"/>
	</bean>
	<bean id="college" class="com.htc.spring4.beans.College">
		<constructor-arg  index="0" value="Some College"/>
		<constructor-arg  index="1" value="Chennai"/>
	</bean>	
	<bean id="student" class="com.htc.spring4.beans.Student">
		<constructor-arg index="0" value="R1234"/>
		<constructor-arg index="1" value="Goutham"/>
		<constructor-arg index="2" ref="address"/>
		<constructor-arg index="3" ref="college"/>
	</bean>
	
	
</beans>