<?xml version="1.0" encoding="UTF-8"?>
<beans xmlns="http://www.springframework.org/schema/beans"
	xmlns:xsi="http://www.w3.org/2001/XMLSchema-instance"
	xmlns:aop="http://www.springframework.org/schema/aop"
	xmlns:context="http://www.springframework.org/schema/context"
	xmlns:jdbc="http://www.springframework.org/schema/jdbc"
	xmlns:mvc="http://www.springframework.org/schema/mvc"
	xmlns:tx="http://www.springframework.org/schema/tx"
	xmlns:util="http://www.springframework.org/schema/util"
	xsi:schemaLocation="http://www.springframework.org/schema/beans http://www.springframework.org/schema/beans/spring-beans-4.3.xsd
		http://www.springframework.org/schema/aop http://www.springframework.org/schema/aop/spring-aop-4.3.xsd
		http://www.springframework.org/schema/context http://www.springframework.org/schema/context/spring-context-4.3.xsd
		http://www.springframework.org/schema/jdbc http://www.springframework.org/schema/jdbc/spring-jdbc-4.3.xsd
		http://www.springframework.org/schema/mvc http://www.springframework.org/schema/mvc/spring-mvc-4.3.xsd
		http://www.springframework.org/schema/tx http://www.springframework.org/schema/tx/spring-tx-4.3.xsd
		http://www.springframework.org/schema/util http://www.springframework.org/schema/util/spring-util-4.3.xsd">
		
	<context:component-scan base-package="com.htc.spring4mvc"/>
	<context:annotation-config />
		<mvc:annotation-driven/>
	
	
	<bean id="dataSource" class="org.springframework.jdbc.datasource.DriverManagerDataSource">
	    <property name="driverClassName" value="org.postgresql.Driver"/>
	    <property name="url" value="jdbc:postgresql://localhost:5432/postgres"/>
	    <property name="username" value="postgres"/>
	    <property name="password" value="password@123"/>
	</bean>	
	
	<bean id="hibernateJpaVendorAdapter" class="org.springframework.orm.jpa.vendor.HibernateJpaVendorAdapter"/>
	
    <bean id="emf" class="org.springframework.orm.jpa.LocalContainerEntityManagerFactoryBean">
		<property name="dataSource" ref="dataSource"/>
		<property name="jpaVendorAdapter" ref="hibernateJpaVendorAdapter"/>
		<property name="packagesToScan" value="com.htc.spring4mvc.entity"/>
		<property name="jpaProperties">
      		<props>
	        	<prop key="hibernate.dialect">org.hibernate.dialect.PostgreSQL9Dialect</prop>
    		</props>
    	</property>
	</bean>

    <bean id="transactionManager" class="org.springframework.orm.jpa.JpaTransactionManager">
		<property name="entityManagerFactory" ref="emf"/>		
	</bean>
	
	<!-- To use Tranactional annotations in service layer -->
	<tx:annotation-driven transaction-manager="transactionManager"/>
	
	<!-- To process JPA annotations. -->
	<!--  context:annotation-config/-->
	<bean class="org.springframework.orm.jpa.support.PersistenceAnnotationBeanPostProcessor"/>
	
	<mvc:resources mapping="/resources/**" location="/resources/" />
	
	<bean class="org.springframework.web.servlet.view.InternalResourceViewResolver">
		<property name="viewClass" value="org.springframework.web.servlet.view.JstlView" />
		<property name="prefix" value="/WEB-INF/views/" />
		<property name="suffix" value=".jsp" />
	</bean>
	
</beans>