<?xml version="1.0" encoding="UTF-8"?>

<beans xmlns="http://www.springframework.org/schema/beans"
	   xmlns:aop="http://www.springframework.org/schema/aop"
       xmlns:xsi="http://www.w3.org/2001/XMLSchema-instance"
    xsi:schemaLocation="http://www.springframework.org/schema/beans http://www.springframework.org/schema/beans/spring-beans.xsd 
                        http://www.springframework.org/schema/aop http://www.springframework.org/schema/aop/spring-aop.xsd">
	
	<!-- Bean Wiring -->
	<bean id="dataSource" class="org.springframework.jdbc.datasource.DriverManagerDataSource">
	    <property name="driverClassName" value="org.postgresql.Driver"/>
	    <property name="url" value="jdbc:postgresql://localhost:5432/postgres"/>
	    <property name="username" value="postgres"/>
	    <property name="password" value="123Welcome"/>
	</bean>	
	
	<bean id="jdbcTemplate" class="org.springframework.jdbc.core.JdbcTemplate">
		<constructor-arg ref="dataSource" />	
	</bean>
	
	<bean id="loggingAspect" class="com.htc.spring4.log.LoggingAspects"/>

	<!-- Weaving -->
	<aop:config>
		<aop:pointcut expression="execution(* com.htc.spring4.dao.ProductDAOImpl.*(..))" id="daoClassPointcut"/>
		<aop:advisor id="loggingAdvisor" advice-ref="loggingAspect" pointcut-ref="daoClassPointcut" />
	</aop:config>
	
	<bean id="dao" class="com.htc.spring4.dao.ProductDAOImpl">
		<constructor-arg ref="jdbcTemplate" />		
	</bean>	
	
</beans>