<?xml version="1.0" encoding="UTF-8"?>
<beans xmlns="http://www.springframework.org/schema/beans"
	xmlns:xsi="http://www.w3.org/2001/XMLSchema-instance" xmlns:aop="http://www.springframework.org/schema/aop"
	xmlns:context="http://www.springframework.org/schema/context" xmlns:tx="http://www.springframework.org/schema/tx"
	xsi:schemaLocation="http://www.springframework.org/schema/beans http://www.springframework.org/schema/beans/spring-beans.xsd
		http://www.springframework.org/schema/aop http://www.springframework.org/schema/aop/spring-aop-3.2.xsd
		http://www.springframework.org/schema/context http://www.springframework.org/schema/context/spring-context-3.2.xsd
		http://www.springframework.org/schema/tx http://www.springframework.org/schema/tx/spring-tx-3.2.xsd">


	<aop:config>
		<aop:aspect id="log" ref="logging">
		<aop:pointcut id="selectAll" expression="execution(* com.htc.model.*.set*(..))" />
		<aop:before pointcut-ref="selectAll" method="beforeAdvice"/>
		
		</aop:aspect>
		
	</aop:config>

	<bean id="student" class="com.htc.model.Student">
		<property name="name" value="Charles" />
		<property name="age" value="30" />
	</bean>

	<!-- Definition for logging aspect -->
	<bean id="logging" class="com.htc.aspect.Logging" />


</beans>
