<?xml version="1.0" encoding="UTF-8"?>
<beans xmlns="http://www.springframework.org/schema/beans"
    xmlns:xsi="http://www.w3.org/2001/XMLSchema-instance"
    xsi:schemaLocation="http://www.springframework.org/schema/beans
        http://www.springframework.org/schema/beans/spring-beans.xsd">

	<bean id="dataSource" class="org.springframework.jdbc.datasource.DriverManagerDataSource">
    	<property name="driverClassName" value="org.postgresql.Driver"/>
    	<property name="url" value="jdbc:postgresql://172.16.50.14:5432/samp"/>
    	<property name="username" value="postgres"/>
    	<property name="password" value="password@123"/>
	</bean>
	
	<bean id="dao" class="com.htc.spring4.dao.ResultDAOImpl">
		<property name="dataSource" ref="dataSource"/>
	</bean>
	
	
</beans>