<?xml version="1.0" encoding="UTF-8"?>
<beans xmlns="http://www.springframework.org/schema/beans"
      xmlns:aop="http://www.springframework.org/schema/aop"
      xmlns:tx="http://www.springframework.org/schema/tx"
    xmlns:xsi="http://www.w3.org/2001/XMLSchema-instance"
    xsi:schemaLocation="http://www.springframework.org/schema/beans http://www.springframework.org/schema/beans/spring-beans.xsd 
                        http://www.springframework.org/schema/aop http://www.springframework.org/schema/aop/spring-aop.xsd
                        http://www.springframework.org/schema/tx http://www.springframework.org/schema/tx/spring-tx.xsd">  
	
	
	<tx:advice id="txAdvice" transaction-manager="transactionManager">
		<tx:attributes>
			<tx:method name="insert*" propagation="REQUIRED" rollback-for="java.lang.Exception"/>
			<tx:method name="get*" propagation="REQUIRED" read-only="true"/>
			<tx:method name="update*" propagation="REQUIRED" rollback-for="java.lang.Exception"/>
		</tx:attributes>
	</tx:advice>
	
	<aop:config>
<!--  		<aop:aspect id="logAspect" ref="loggingAspect">
			<aop:pointcut id="logPointCut"	expression="execution(* com.htc.spring4.dao.*.*(..))"/>
			<aop:before method="before" pointcut-ref="logPointCut"/>
			<aop:after-returning method="afterReturning" pointcut-ref="logPointCut"/>
			<aop:after-throwing method="afterThrowing" pointcut-ref="logPointCut"/>
		</aop:aspect>
-->
		<aop:pointcut id="logPointCut" expression="execution(* com.htc.spring4.dao.*.*(..))"/>
		<aop:advisor id="logAdvice" pointcut-ref="logPointCut" advice-ref="loggingAspect1" />
		<aop:advisor id="logAdvice2" pointcut-ref="logPointCut" advice-ref="loggingAspect2" />
		<aop:advisor id="transAdvice" pointcut-ref="logPointCut" advice-ref="txAdvice"/>	
	</aop:config>
	
	<bean id="loggingAspect1" class="com.htc.spring4.aspect.LoggingAspect"/>
	<bean id="loggingAspect2" class="com.htc.spring4.aspect.LoggingAspect2"/>
	
	<bean id="dataSource" class="org.springframework.jdbc.datasource.DriverManagerDataSource">
    	<property name="driverClassName" value="org.postgresql.Driver"/>
    	<property name="url" value="jdbc:postgresql://localhost:5432/postgres"/>
    	<property name="username" value="postgres"/>
    	<property name="password" value="123Welcome"/>
	</bean>
	
	<bean id="dao" class="com.htc.spring4.dao.ResultDAOImpl">
		<property name="dataSource" ref="dataSource"/>
	</bean>
	<bean id="transactionManager" class="org.springframework.jdbc.datasource.DataSourceTransactionManager">
		<property name="dataSource" ref="dataSource"/>
	</bean>
	
</beans>