<?xml version="1.0"?>
<!DOCTYPE hibernate-mapping PUBLIC
        "-//Hibernate/Hibernate Mapping DTD 3.0//EN"
        "http://www.hibernate.org/dtd/hibernate-mapping-3.0.dtd">

<hibernate-mapping package="com.htc.hibernate.simple">
	<class name="com.htc.hibernate.simple.Cyclone" table="Cyclones">
		<id name="cycloneID" column="cycloneID">
            <generator class="assigned"/>
        </id>
		<property name="cycloneName" type="string" column="cycloneName"/>
		<property name="speed" type="double" column="speed"/>
		<property name="affectedLocation" type="string" column="affectedLocation"/>
		
    </class>
    
    </hibernate-mapping>
